Ch1,Ch2,Ch3,Ch4
0.0,0.0,0.0,0.0
0.02266421780959177,-0.009942564458906959,0.0018724711547046355,-0.00021250009049908985
0.021799379370199563,0.003453758388531747,-0.012199366270454582,-0.0013368791869186102
0.03280315600992113,0.003022952741422858,-0.02200959057104074,-0.002901739899955063
0.017118918918174846,0.0439898703441909,-0.039656143957900084,-0.002728883278385912
0.01022294303242788,-0.10769944231440869,0.011129649893766858,-0.0006314229667092218
-0.05299382496791472,-0.07178445967500033,0.026077192763889374,-0.0010175836838287418
-0.09434145451180687,0.040387701925049195,0.014866118452142373,8.872968793701802e-05
-0.04516186667245255,-0.0030910239901337567,0.008031493213407834,1.2932990230965524e-05
0.009054285596949175,-0.0936378255284143,0.022781487298829204,-0.00019556039328626838
0.01760028421571221,-0.07563313312138491,0.004530406504151003,-0.0008972802639173813
-0.037416804274044736,-0.018529516836510843,0.011013726265407042,5.145173356755516e-05
0.08887426727231366,-0.052763592824082016,-0.01218199148070801,-0.0009870503902603208
0.0712286439886385,-0.05842395350177875,-0.00231451487870286,-0.001772960210369813
0.026105580975125386,0.11280915611778823,-0.040033904059000036,-0.0009832383434543097
0.03108311100776195,-0.1252250330976699,0.02909026886449274,-0.00036746679022377096
-0.10290970373567228,-0.14852117483436825,0.08132617908702518,0.000781394991317909
0.10698676305709343,-0.06283048471442455,-0.039991228438454186,-0.0017673188786853176
-0.012709839407252335,0.04253912976754445,-0.041189013964931374,-0.0009582807571476579
-0.06174485786786425,-0.0429660921439844,0.024653823652087292,-0.000580918402704542
-0.07769712294959802,-0.009177084357016661,0.008032000378720153,-0.0005659640253311716
-0.11086842499168416,-0.0695667643042312,0.022867471219572992,-0.0004794417095719528
-0.06344834073115542,0.03889884559760941,-0.031100063769208416,-0.0016098598857246045
-0.1689599009948919,-0.0861784547343019,0.051372369845242634,-0.00036232455675890896
-0.11891175356448401,-0.07143823785847184,0.026710499658124446,-0.000639349821435259
-0.07819251355597107,-0.06640382356905088,-0.0010307130391712643,-0.0008532123250499258
-0.12126420731155825,-0.25839081552070464,0.09564654019251384,0.0002539294165402993
-0.08305432813006604,-0.06561206636050286,0.01797106501896285,-0.001236572519782419
-0.10750306866286877,-0.020168637136000412,-0.0029163646407538322,-0.000410039955390792
-0.16188503204615126,-0.10412832823640797,0.03524162628821435,-0.0005127716302375729
-0.14762321523806365,-0.19631362336610358,0.054487417324751895,-3.7829591382610816e-06
-0.08208744481035926,-0.1768604411813116,0.020354422915251177,-0.001411864448119625
-0.012225966153321575,0.05297220183382354,-0.07587575920635381,-0.0018701393620987484
-0.021945928267333516,-0.17005007076822062,-0.012602416398645204,-0.0020443132783638115
-0.02721430844688937,-0.023690872264207786,-0.05462918165864799,-0.0025801020761140056
0.024875114429515455,-0.12607115580082778,-0.045436538859965875,-0.0031653559310443474
-0.23015260922135497,0.02366611536224535,-0.003202821600138905,-0.0007914238753165938
-0.04883425632985955,-0.08615193491362622,-0.024331849832964568,-0.0020714619527978893
-0.18283683128996353,-0.009751644897275544,-0.010179151641897363,-0.0011225091093318897
-0.044385575173578024,-0.05862662344134297,-0.0503273545583841,-0.002244918155206185
-0.09055999194289384,-0.06863485754108493,-0.02388734562555285,-0.002123210333891318
-0.0793675769957589,-0.04140019819823502,-0.03466238144417893,-0.001685137946925866
-0.026927853784408772,0.05683573081908884,-0.05741677764765378,-0.0015197971016886116
-0.1301476176335767,0.08421034640203795,-0.04701136223432137,-0.0009754089198888786
0.0001900194370045864,0.031313826428678464,-0.059513883239961554,-0.001821491185411483
-0.054112269843858,-0.091058900724847,-0.0005640458940637655,-0.001757955286605687
-0.11392550060418924,0.08960051236823674,-0.05256580153190265,-0.0013877804842391637
-0.1613694848849806,0.055439147821323184,-0.024880471014964566,-0.0011955892897980084
-0.0990600482157348,0.05914712968212077,-0.081526810083419,-0.002695199627197625
-0.0876685181917377,-0.017475433054072485,-0.055338941915462216,-0.0026313507000061964
-0.08897607493188779,0.052058413349428664,-0.07547958284827208,-0.0024498449918630054
-0.1826142260689134,0.008373390272189567,-0.02300034570979462,-0.0006875085802218672
-0.0558826812648067,0.08560619708992988,-0.11178436001507437,-0.001910478660159791
-0.022404813078400105,-0.006914257220053996,-0.09199177641499055,-0.0028463278794134753
-0.03559322825490571,0.11552265523619301,-0.12163556546036532,-0.0024465085377129983
-0.026210058719718266,0.019436677545930266,-0.07945468211767069,-0.0023329489106958764
-0.050908577287631,-0.009438586689574409,-0.06379525220928517,-0.0022817235973291404
0.03329676088843173,-0.03712742853460919,-0.09612818675730002,-0.0027798112112903577
0.03548010369319632,0.06713669565000195,-0.13174375577372188,-0.002834567671106436
-0.013981381565404415,0.08626031978103461,-0.09690161298357403,-0.0021560740114129552
-0.14628233331930876,0.1742214642873384,-0.08272078240129391,-0.0010503561632531305
-0.06167795449249294,0.0661608170966897,-0.05602883720243808,-0.0012655827851021824
-0.013411716331500076,0.18970185400267128,-0.1413457481407868,-0.0019396063330806824
-0.07027056534557623,0.08170997591042899,-0.07762470126185968,-0.002171381662746782
-0.041695898258842685,0.12547551527819448,-0.12191707485763083,-0.002222975141112107
0.047101402705404284,0.1658051711863072,-0.1705124724366884,-0.0031884322313819706
-0.025106046075797712,0.12427413040381458,-0.13453333895684366,-0.0028948312518940764
-0.03757010792649344,0.07125315996940473,-0.09835005410966818,-0.002575749495078745
-0.11959808563760657,0.08377835676032759,-0.06575043586531261,-0.0013559984734280812
-0.09217224067092458,0.19486377406512448,-0.10944650500785813,-0.0018507167573924366
-0.09515051261159506,0.06290072763056928,-0.07344988630114714,-0.0023958725250386318
-0.05091925647506199,0.15944846988040484,-0.11277192435547408,-0.0025074367090602017
-0.03891548194376849,0.24146422164919554,-0.1468953283073635,-0.002817951718004559
-0.08803453800003501,0.13080945406352734,-0.08661241198953824,-0.002086750627006855
-0.006948726096933925,0.09871182228769369,-0.09248590956929482,-0.0017852301288145132
0.024363949035347585,0.22384618008453672,-0.1392919801442757,-0.0018972365770043467
-0.016304703008748714,0.09350409914837457,-0.08842278591752616,-0.0017170034028001358
-0.06412434476316606,0.1793806624286043,-0.10204448519120016,-0.0015285384456643091
0.034254917734634946,-0.008404399056317683,-0.09154998140925226,-0.0023846648849799473
0.033388622268677726,0.11709784181354074,-0.13278342144605798,-0.0026289642451943714
0.015090269801367602,0.04895034358992622,-0.11350984070158923,-0.002577769559472069
-0.10799146369916833,0.1096182277333376,-0.08391067733065893,-0.0025066609536875764
-0.06801260213551619,0.20067669120481424,-0.14238164574245282,-0.0018971023316095076
-0.18578775004220874,0.17240420302911524,-0.10085141115034917,-0.002237734846445536
-0.15180022745517327,0.18303502523553591,-0.12385480148498193,-0.0028483096305285823
-0.11797625622286745,0.1940877845058472,-0.14690273508747062,-0.003452199241769831
-0.0983581297041405,0.13517630859474372,-0.1277299902281408,-0.0022405485025169102
-0.01981780616717917,0.08760505050305219,-0.15014747221689526,-0.0030293465139661865
-0.08108860929326096,0.019957430523672305,-0.09842663516698483,-0.002266224682123266
-0.10018298002264736,0.05135774632465508,-0.09911205953206392,-0.002115134921422551
-0.08702802525130329,0.030537124241084495,-0.11008292136502434,-0.002251567788024063
-0.10788712659244208,0.11648632278912512,-0.12032321985359035,-0.002566281886774014
-0.1339998026459795,0.12915503395846772,-0.11590554711522436,-0.002929416665487651
0.0003864642761039532,0.08124730174796684,-0.14567537897854588,-0.00222603071204921
-0.07362891604864313,0.059104388087001615,-0.10013593512887556,-0.0022291279915434966
-0.05734449078360189,0.09271348626771261,-0.11334266889477014,-0.0013688686510212038
-0.010730886182028951,0.06550836827391814,-0.12470201998096547,-0.0026753642264381807
-0.07575143860875727,0.02420145206649653,-0.09174956543495727,-0.0019874989648638814
-0.06954697015559909,0.24895506030341313,-0.16091325555323113,-0.003476423427198412
-0.0063848054487169025,0.1699236426475189,-0.11982960409104096,-0.0026828607496298816
-0.022386466620721142,0.068364267722768,-0.09292128034172004,-0.0018851368718688867
0.008654883871166403,0.07199045381538997,-0.09886662839768412,-0.0025236087282850908
-0.09322139128439123,0.24402643162298757,-0.12535808819474656,-0.0017639083166666343
-0.0359132387129061,0.21358204971302616,-0.1441563101199694,-0.00359467292253899
-0.09095749369418538,0.20091866213602982,-0.13270405390247206,-0.0036625283441843143
-0.0551956950880245,0.07874083346674239,-0.10341750102560743,-0.0034612785877502334
-0.10800015712388429,0.15407178943196426,-0.10823035747129774,-0.0010329548849417533
-0.0176655861862439,0.1751460549407308,-0.14068825703233998,-0.002479650931998701
-0.008187968180097052,0.09586262492612763,-0.11377851993874952,-0.0024777365558468307
-0.003518854997844592,0.1082322544564477,-0.153951372364845,-0.0029407020601731194
-0.02897098072213126,0.15398077918865394,-0.14297212856506097,-0.002126152821608777
-0.05267793222668203,0.0634063997258984,-0.10636374340975734,-0.0016774227511996312
-0.045832157286761786,0.12415893304365787,-0.1316776354321163,-0.0022562573372919394
-0.16311487544804443,0.25204104915950487,-0.12577704455049707,-0.0014915312559793175
-0.07449180462292992,-0.0115605664424838,-0.07510030934231911,-0.0028054131063761953
-0.08839691079300332,0.15364109507750168,-0.11373231629414605,-0.0018018614715009985
-0.059631506165873135,0.11612617354829223,-0.11047757455134714,-0.0024671732034531016
-0.13069209535497162,0.11439132565296528,-0.08413276095441528,-0.0019461115396486044
-0.08837897219786074,0.2464423059510536,-0.15557957150639448,-0.0024202003497913616
-0.07498643017783689,0.25935173363997194,-0.19156864727772335,-0.0035524064282727325
0.030776901474914284,0.1549357841160045,-0.18408051718078103,-0.0036899562362278297
-0.05082937870079515,0.205479828011631,-0.17302186380591486,-0.003440285464797857
-0.10096582356020134,0.11525500830895904,-0.11625725494977023,-0.0024498139594951764
-0.04110973599559327,0.12428931605230738,-0.13322882086296017,-0.003349854510759994
-0.14046496371708078,0.08191069373739075,-0.09773680392767752,-0.002106938839042557
-0.04743415529607378,0.13956863912018724,-0.1308664984123867,-0.00311632023590086
-0.11193579999487233,0.1824976357603102,-0.13777943843995874,-0.001932443881206176
-0.010589052653024289,0.11642039651795946,-0.13730423676472123,-0.0026249947778019347
-0.0026775632957594542,0.09327295673400839,-0.14319127032014348,-0.0015263347024565839
-0.017599230875862917,0.12151111850951693,-0.1395445887181905,-0.0019060373009883544
0.10028224926134831,0.24990926384023102,-0.22315699621267568,-0.0030656877525464536
0.01913378390182161,0.19208199498943396,-0.17175178836647448,-0.0025625752347170037
0.05812411927612978,0.31205337937376343,-0.21725268542326956,-0.0032847710407441105
-0.009302577084232034,0.17545646833787504,-0.14339087491866526,-0.002300354262245385
0.029125162822617293,0.23638362695103768,-0.18746692577474702,-0.002351293576603136
-0.1014759446716663,0.2620124007552325,-0.14111736850591702,-0.0013519442700635638
0.025832245918095596,0.2510366579037385,-0.18941775228357655,-0.003516363434147773
-0.005486787691343054,0.2206907767157116,-0.15138197017559246,-0.002875635814361171
0.06294381508489919,0.16401184190956192,-0.15574623809873517,-0.0034843432319309727
0.03725970692430271,0.2961578030373873,-0.1653418155077522,-0.003543577492557424
0.05387275043218926,0.26751373681763324,-0.17787940091128138,-0.0025063259416729018
0.019547839797967398,0.21220771729628518,-0.14089053842941954,-0.002382819645899515
-0.024907468113588134,0.22509454616372734,-0.12066592471421825,-0.0010514903333118523
-0.043146901644588766,0.12748177620185147,-0.07851739736710692,-0.0011050723740013031
0.07138474231838167,0.2396534081957857,-0.1563811990799071,-0.00229922476268196
0.07909480779111067,0.2161617268721459,-0.1515677948124705,-0.002521565359939968
0.05298494461472438,0.2008060801915977,-0.15166647174764752,-0.00245224866983832
-0.1565811387542439,0.14498807195614405,-0.10501009764589005,-0.0020867439599577776
-0.010787107761587606,0.22146813147486707,-0.1440625467534816,-0.0020656816981180293
-0.04066312058831745,0.07138618844462628,-0.06592340526208246,-0.0008636941546855863
0.06318663686918004,0.11221831340425474,-0.09330947026161791,-0.0013326786564000328
0.08682228212671393,0.106081989521156,-0.09098697651517001,-0.0014784317609993992
0.11769956814896855,0.29752560545308915,-0.1681500104723603,-0.0015052973396502685
0.08786597353691164,0.02971714915545994,-0.07859512664507953,-0.0012424860513112113
0.1238520253591455,0.18757497058759606,-0.16351467476938178,-0.0020140356709741256
0.1756008545897127,0.09474502722120624,-0.1458239308986565,-0.0022533347443605247
0.08406139380580033,0.16933896202186058,-0.1347304856975117,-0.0014957677194201006
0.07276083954134181,0.1312303442640066,-0.10976040899933977,-0.0013262666884739727
0.10796953550475465,0.09690812597009933,-0.12092603765500053,-0.0016137158994559454
0.08398935121739715,0.1118549370097385,-0.1349080789404497,-0.0030715383014786515
0.0624889057105444,0.11483024866476249,-0.14773505464948142,-0.002096288846312515
-0.015096472379701374,0.0038936051877157506,-0.08687213695860346,-0.001616218058198551
0.12132640923901351,0.19683297447364512,-0.19987702670296367,-0.0038068514628554046
-0.028914029499139963,0.12568920386178084,-0.11926985671423762,-0.0020988647882740786
-0.046500565969801545,0.19774839890552823,-0.1434507591988303,-0.0023511850542513374
0.0037058672162203115,0.22906501629704912,-0.18879206675118965,-0.002683897212860346
0.029630488973406723,0.1479516117910226,-0.15097524905512866,-0.003217732244710064
-0.10345885328616244,0.09679681653610077,-0.08190541101385272,-0.0005619454163903925
-0.07861882775583226,0.12348771113285374,-0.09789790188476864,-0.0019146926911712092
0.028238832249435804,0.17764464810706507,-0.15328571883931444,-0.001979873682785628
0.02833699712759786,0.11775887814489583,-0.12150043735296417,-0.0024173737538019475
0.006286789112630326,0.085396725688165,-0.09722285035994213,-0.0017634818342622538
0.07677147058841739,0.28282014865133137,-0.1734821038813759,-0.0025174287083435396
0.11757913277031429,0.1969019867109015,-0.15341777435165857,-0.002287327500651253
0.11403102075836301,0.10512521403900076,-0.1046694441468605,-0.0010611591438998485
0.13231577006808473,0.223828264800508,-0.1484582784960921,-0.0016801959384255885
0.1562895318944592,0.04308346965178809,-0.10185748973101613,-0.001969264604143733
0.1947740999004144,0.07860617504681969,-0.10578427573459041,-0.0020386991529415706
0.185405855234748,0.03941001732283779,-0.09243398485658896,-0.0017086927686950396
0.1535951942581599,0.11315887875820826,-0.09102750842116224,-0.00042298807388527866
0.24680577004810397,0.15699099122355956,-0.12592998200314875,-0.0019061234442811167
0.2758280350719976,0.08098144889510245,-0.12556338857484325,-0.002010710520876726
0.21947356845333796,0.06605949544652392,-0.0934543329418272,-3.78538688530318e-05
0.1969022618111631,0.06383330210655701,-0.088320781019064,-0.0007703945338095083
0.18905111498888788,0.1014401621168983,-0.08395221107353489,-0.0011326445597204494
0.17541306971969234,0.12843760034746252,-0.09458054242417746,0.00033783539089874006
0.22770564530926726,0.0506760973489196,-0.09752321726565763,-0.0014805907555903708
0.15575070523184767,-0.02480316816354735,-0.050633856178249434,-0.0006083423892111175
0.134689840878456,0.08469655090449789,-0.07754025933029411,3.2230355208773726e-05
0.20152919507128916,0.09693591374092739,-0.0922873614681727,-0.0012346382904528063
0.24168565704939166,0.04222077267095102,-0.08721914296301415,-0.001615543733222524
0.18440900531049928,-0.013668602787617296,-0.0478569107191462,0.000519599794006137
0.2667959653182175,0.10840484207442656,-0.13466455668277272,-0.002260937994787739
0.2022183436967212,0.05408351365653249,-0.08339362627199397,-0.0011118878934479306
0.2631111880572284,0.0533181182566682,-0.0933002315112381,-0.0009784316181586446
0.23865064815868395,0.14379383844804902,-0.1074527879952309,-0.0004654780281235679
0.26915859142637677,0.08180468617266694,-0.12377487526157635,-0.00038429306140386513
0.2796033382288212,0.060509152034806925,-0.11604759513936516,-0.0024121997335236106
0.4743592955953585,0.081837455368427,-0.16256941121281496,-0.005418142192315834
0.4203302468910536,0.12141777991142452,-0.17605990004756047,-0.004615444391255516
0.31049113290097513,0.048885324265566084,-0.10990781317973634,-0.002653303004465769
0.32043442420051815,0.10796798653647831,-0.1319852493694831,-0.0020369474923567785
0.21711481243072198,0.021010883062270613,-0.058189346429863585,-0.0010377906566683903
0.15713684243414147,0.14188135342340863,-0.08233685402286835,0.0002570120704220517
0.32669070664138744,0.0698059832155527,-0.13065868798214952,-0.0014792581938270642
0.283408243136247,0.05535354873051034,-0.10039007273023218,-0.0012057590063497931
0.3107655897248491,0.1445015162166787,-0.14357558583601915,-0.0006810607358324604
0.2724166793448007,-0.006861849935100285,-0.07849428586295523,-0.0007364294134111065
0.2700842328516104,0.07312200189795333,-0.09615079894815708,-0.0010792320991679693
0.22474054062559026,0.016595795476803364,-0.0712651608686973,-0.00042045492972434597
0.3568162095792401,0.012945694889176648,-0.1093662322384283,-0.0017782211891668794
0.3151186805316299,-0.03739059722442193,-0.08596098515150545,-0.0012989557378622946
0.2523098763552406,0.039372834164802265,-0.08550549722190887,-0.00048115407701749223
0.26891790431110657,-0.015544450126514555,-0.07135827406947126,-1.9059468720627017e-05
0.2387513921597717,-0.0328690023682132,-0.07084966342042638,6.922789220957092e-05
0.2508521457367363,-0.08283704516755037,-0.06576829171121225,-0.0005246708472979669
0.2748463561057913,-0.02964859474625797,-0.12215387772545494,-0.0019529788312626717
0.18282272229152813,-0.03998500554125988,-0.09175695232035216,-0.0016716349499526282
0.16494085181681692,-0.11231031326251116,-0.08255816358944569,-0.000762389308571172
0.13188096132723268,0.040948389386160466,-0.0968749281636196,-0.0012491715177976653
0.1935646296290431,0.027902821367699154,-0.11355222422144427,-0.001564988400314947
0.1687866484748919,0.03056729918988395,-0.11046259650102312,-0.0018551643132112276
0.1713966531761295,-0.010505030211755383,-0.08190332748022852,-0.0002263315921064082
0.15150114012298305,0.0864321877663556,-0.11248890208338277,-0.0009724539924741861
0.16777939590309948,0.029896031032613977,-0.07480062520342706,-0.00036233625960096073
0.21712425056307208,0.08281073359057252,-0.11147109024954228,-0.0009158296606103832
0.25112044952915347,-0.006901865887920173,-0.08635076541443702,-0.0008825551013860606
0.2643806821414979,0.02819209862593151,-0.0951967926090669,-0.00022096719614773719
0.2758804863327401,-0.00269624041220755,-0.07249739140432433,-0.0007475450368220468
0.3050203526200845,0.020759898698138508,-0.09204780945312058,-0.0012350774187005668
0.29257305055815697,-0.007891746678316918,-0.08553085078769676,-0.000490714627418136
0.27972262333815223,-0.022606982385731278,-0.06781058513997619,-0.00021432648448685995
0.27606252935937364,-0.010624885186786191,-0.07309317421551091,-0.00010723323886010171
0.2536806254489988,0.11295451522672734,-0.1090233736430585,-0.0010750499148049655
0.3274427549522002,-0.013067275016130574,-0.08342068394793078,-0.0011975069054154445
0.3183823362210145,0.0405185743022142,-0.11854130700430725,-0.001293883811755401
0.2532746211001368,0.02884388313169721,-0.093322960927045,-0.0016106344738452815
0.24365106678748563,-0.010220365880792691,-0.080552241379808,-0.0017068263055962812
0.18204139660331672,0.07885784136567871,-0.10460359758310454,-0.0015081947880958703
0.16119061450436367,-0.11704154803662947,-0.035220905494727374,-0.0007476428150813132
0.22504478250393456,-0.08259561554251543,-0.07808171331855696,-0.0025360508530498367
0.1293468921336263,-0.08063171369716919,-0.03837470366038357,-0.0009337947807407719
0.16920558778513872,0.031755252223334605,-0.10295761942125947,-0.0018009576311042103
0.11567732230765672,-0.049139346770815724,-0.06060459162722785,-0.0008013561332077047
0.10178931048054736,0.027095707778452164,-0.07468004694294157,-0.0017064276536091355
0.12555696489304038,-0.04535733341869953,-0.06198235760629442,-0.001985672419117608
0.14175509512006546,0.05675021443863941,-0.09925750301675368,-0.001639672674399445
0.051634807841936727,0.027749730604519202,-0.05773946131964115,-0.0004502711080882892
0.13393797138795896,0.039094573747463966,-0.08431854611478444,-0.0016356463423466562
0.1794652917092665,0.05806999231879123,-0.10399751601271852,-0.0022173585030939563
0.20872507557611,-0.007177861197472666,-0.09881522315051083,-0.0002849960550297633
0.20701749056432947,0.08377537440756018,-0.1279811859274937,-0.0014508434221172967
0.15750743452006455,-0.05524448996642868,-0.06265885305178254,-0.0009261527650138893
0.18082553973308932,0.05141384272584641,-0.10126227959209187,-0.0030172891912990385
0.15396519893032778,0.03884229743872395,-0.08983435838411809,-0.0015163129165918297
0.1058777402466055,0.053825668162369396,-0.07199234011893106,-0.0008181080541496789
0.1741977147739247,0.08873723193012334,-0.12436480452302047,-0.001680441851772154
0.10343966962787378,-0.0823431148696245,-0.04042670258376119,-0.0004022292425990794
0.057398982666602136,0.02054929981314963,-0.05134578642899606,-0.0007468330906871309
0.1546399946696821,0.0516169930761095,-0.11172652078232942,-0.0017840938026252905
0.14691134893189645,-0.017004840518573167,-0.08966426067488462,-0.001907318298807431
0.0911364886615324,0.09066944486244104,-0.11881821140680815,-0.0017844696184748903
0.09647974176098328,-0.0004795345590181659,-0.09651640312174649,-0.0019874962433982335
0.17379722374194614,0.03590096078411751,-0.12943970545774333,-0.002703619985147446
0.06903693108988197,-0.029379439520101445,-0.05559490162986703,-0.0017559713271538492
0.23875502388256392,0.0859356789745452,-0.14283130139448702,-0.004356139806882928
0.18302728391568848,0.008207214495021273,-0.1050476934614296,-0.003393050600259013
0.20596732614516092,0.025010342743484952,-0.12999388720334043,-0.004381506727613243
0.18679257397084176,-0.09213158738172665,-0.07871732735208685,-0.003874465620004387
0.10987261500754286,-0.0584283432137493,-0.0680210597729781,-0.002444508905360194
0.13884843066361438,-0.09721234158120355,-0.061797411312861254,-0.0018385270355326807
0.03515686920072226,-0.0009819252664607472,-0.06912704874308948,-0.0017999463092729631
0.10590071261973645,-0.13438742415832888,-0.042601187073895076,-0.0016008363283861004
0.0524644596501734,-0.10428900136660152,-0.045025881349078936,-0.0017190485240517915
-0.038207589855140466,-0.0046244617730933175,-0.04103271047570772,-0.0010872696728282413
0.06563837685830465,0.12222540176635327,-0.1212717674482128,-0.0021148999320217887
0.09284834796563794,0.040190561636744275,-0.09937621893521618,-0.0021215576466431145
0.09638368887098409,0.011853667837307224,-0.07339696263133201,-0.0012353832214498479
0.048144663154100785,-0.020307893345027427,-0.04786443709943126,-0.0007254624449070436
0.08886200118348485,0.12031243520174958,-0.09695239641269114,-0.0008937352867549191
0.18781674248715668,0.1305230634972369,-0.11609758491203444,-0.0008484323582280574
0.17797417201214502,0.10328699771603171,-0.1021379100520327,-0.0010568680429485736
0.19232567259974126,0.03187515433376354,-0.10760420512374978,-0.0011969735361462106
0.2188227638973542,-0.07610666600275176,-0.038301112911150105,-9.055248577285823e-05
0.2199985846610552,0.04888508023236043,-0.08598436088137652,-0.0003125091471904139
0.24955325698137673,-0.06864151455969597,-0.07709886653389461,-0.003969861851715955
0.14855292669793385,0.10800330670012458,-0.15414410390973415,-0.005754492164802596
-0.10301407723786496,0.020493731022466228,-0.06791467337175686,-0.0014820236325604895
-0.09809875208289273,0.05799682567970389,-0.07160012701051655,-0.0025519211403422716
0.02871221304982043,0.12313449292415152,-0.111347412646619,-0.0021307338339554985
-0.009240998647215214,0.11465695301295442,-0.08888032747552546,-0.001685233417442293
0.05133899786885781,0.011183073347242932,-0.08172062041323373,-0.0014889347820601564
-0.0659526353385671,0.03631895108453052,-0.05022054922271364,-0.0007959697445394523
-0.03693958397840349,0.0049817221870681345,-0.0629595253873524,-0.0022591714609275972
-0.047848337886144406,-0.061173498533362056,-0.048583349701035096,-0.0014645233814016834
0.025860243733395745,0.10434123531258362,-0.13406901778230593,-0.004052632133525228
-0.07319629307490057,0.13516198293120896,-0.12026954648253509,-0.0030440768792234603
-0.030025111733245756,0.08220244517551958,-0.12948333908622475,-0.002252527843649209
-0.050284496083076086,0.06818361847163269,-0.1257964980103734,-0.004413211588743608
-0.13409537087932394,-0.1243580928893119,-0.03768328963515532,-0.0017931348790400192
-0.15448140118632936,-0.0060535660109101415,-0.06799180194772574,-0.002325211518337391
-0.18334061469561966,0.006666532315178127,-0.07497215262427043,-0.0020081383187836484
-0.18833720887817285,0.0540771286924865,-0.09610606612353614,-0.003022677313584279
-0.18444394807575715,-0.11667895262038024,-0.05209439447714767,-0.0029531596266049722
-0.3474988880979484,0.01854811081261323,-0.08106775986962739,-0.004130982193455685
-0.32440087540394213,0.02886563036776439,-0.11296624740784524,-0.00444067306585359
-0.32684533344112443,-0.04257451327835131,-0.1020280616556853,-0.0047542307141580425
-0.3092275533985297,-0.1201457312096734,-0.07826335474165975,-0.004554539087294026
-0.33968162986021844,-0.020830979310675974,-0.1005784456148984,-0.004635695608562432
-0.3790788021873454,-0.018272632910646198,-0.07448162973716926,-0.0031542956199494395
-0.28486474697909686,0.045011770013695315,-0.12138205592390239,-0.003563374010969125
-0.3258480419113447,0.017968306902995227,-0.08908115213367103,-0.003658275040480997
-0.28528276511881,-0.009905525024032417,-0.08571979303733662,-0.0029966782325773957
-0.2399373545210513,-0.03460777922427125,-0.08828405932269637,-0.003942569966062116
-0.3390465128093235,-0.005664518493433111,-0.06668074308060945,-0.0037850146792425044
-0.2798980588452429,-0.06491089833273245,-0.07789273863134254,-0.0043408166264044205
-0.345231285126183,-0.12637812528124714,-0.05128459964131788,-0.0035324708848588054
-0.40097420551460594,-0.052841044141128654,-0.0663633916663679,-0.003967206252470208
-0.3751558390040041,-0.034370783916577906,-0.08503848725343596,-0.004491233353393468
-0.3990189663397916,-0.0073562285819961494,-0.12043173260426066,-0.005123855575287976
-0.43029968286311876,-0.1238502187942064,-0.07942664406669675,-0.005890373252784208
-0.453645860976993,-0.04755078644300968,-0.0865777246224585,-0.0045520565119080356
-0.44394363082558524,0.05893096210913033,-0.1303823935668791,-0.004954932671154625
-0.45353534263834583,0.013136940744931087,-0.10930694433030068,-0.004700284192559514
-0.4713504210805714,-0.005788961283073604,-0.09203439447550568,-0.003566694308853177
-0.4992424514444787,-0.11311530354437342,-0.03828976012181018,-0.0033295978645831088
-0.39830604295256167,0.0723794346246866,-0.1476627752923613,-0.0048578403691186284
-0.4356367542660499,-0.10516053069261959,-0.05414392878356546,-0.0044216138476558964
-0.46370234265021804,-0.09158415085651042,-0.055720834944663206,-0.004360241665580538
-0.38171249960170156,0.02978098088829858,-0.11439249130195096,-0.005237467219153919
-0.4083290572527527,-0.1777009844554657,-0.028896276122177274,-0.0049956945380961945
-0.4406774825356158,-0.049131028525738106,-0.0662231537965122,-0.0042960830578722305
-0.4228594457625913,-0.06131223031790919,-0.07247311980429288,-0.004386601043324261
-0.450750470450349,-0.019112639813736513,-0.09470583909120422,-0.004173699457727097
-0.4291305059041006,-0.014684397543453069,-0.1003605972545002,-0.004464156462009099
-0.5130385050426842,-0.03320342876245647,-0.08705664763575449,-0.004952571006002343
-0.4309978833064042,-0.1068679685451301,-0.08833256587369698,-0.004681729861653785
-0.4657138588435837,-0.10069454717656943,-0.05779738309560044,-0.004811755185217349
-0.4482791884178029,-0.13806238857153547,-0.048760987692519575,-0.0041250740957996124
-0.46543322656501046,-0.010149565045970588,-0.08044157298063594,-0.0044258852261024
-0.4157876019364165,-0.042933532099023265,-0.07411753309881876,-0.004574664080944019
-0.41441837374186463,-0.17658688986521107,-0.0326912577849743,-0.0040389409269910356
-0.3813451670770363,-0.01057199349230002,-0.09034903894683129,-0.004564775781494777
-0.40131462157158926,-0.0909376467394411,-0.06021633134041871,-0.0037459073139377223
-0.32773622171616135,-0.08086760876809632,-0.09551019925088165,-0.00525982252913927
-0.3663816392652298,-0.25328356360435855,-0.05154992061027782,-0.004586596270532721
-0.3531055827000159,-0.08684240937021749,-0.07985815927163027,-0.004026629998202572
-0.391394768355328,-0.12848592216334737,-0.05181736078135166,-0.0034822504187009247
-0.34201404806957836,-0.03637100164733338,-0.10197647509913708,-0.00499713020493475
-0.4055124998212214,-0.09694995072069372,-0.05711246933984764,-0.004529354383464495
-0.42830733524636755,-0.09940203430126886,-0.05362237747299236,-0.00394450679233165
-0.4186089962297516,-0.0534084945940865,-0.07282925434275511,-0.004844697810209946
-0.33996073181159214,-0.11328784969609199,-0.08184502964778426,-0.0048531520635942006
-0.36341941161824887,-0.030271998111668138,-0.09905264362821617,-0.006117104124768348
-0.3383718629507192,0.041075032540794566,-0.14686046316980952,-0.006273232481948984
-0.41887853598356894,-0.014852743623962189,-0.10540290099791814,-0.0051866003463277
-0.29942705002677367,0.04006080316160128,-0.1536155433702953,-0.004328516443922167
-0.2334068389672923,-0.12593211567423682,-0.0891006962337397,-0.004000937577334451
-0.18909876801471837,-0.11376085716338129,-0.10932050377986606,-0.004996284481426996
-0.24590614428407648,-0.12488039900414126,-0.09574252753024459,-0.003629586948670682
-0.25642582730232144,-0.0869014303707673,-0.11742010857145888,-0.005590596901713747
-0.30567716854739224,-0.04823003751515024,-0.1321688454411369,-0.005829726246231524
-0.19410401400312752,-0.03142875140215381,-0.16693744171230437,-0.006340884095323783
-0.25768295522137247,-0.09875669898005056,-0.11003758996291021,-0.005270923092911004
-0.3395357537088792,-0.15103527325831287,-0.061358990394400674,-0.004263369003158535
-0.35121506747809283,-0.1789090534945896,-0.052756197668020394,-0.004744718542656019
-0.33127072649876016,-0.03394616801539716,-0.11934395154634418,-0.005320679225643045
-0.3107506722336565,-0.09115608702025217,-0.10141670655391828,-0.0052606735561892635
-0.2839102225563674,-0.10283740813497962,-0.10092085340895307,-0.005027729728840577
-0.3387011051891172,-0.21595844284344404,-0.033201770882656294,-0.005203592442922174
-0.33729751520194523,-0.18037611867877326,-0.05123611542242326,-0.004025063638790291
-0.28109838732993575,-0.11884418791714005,-0.09772739871806485,-0.004771142827218461
-0.3478997936391043,-0.05909230882914247,-0.09933726960130862,-0.004193814264348523
-0.22439798239291067,-0.27699989753725635,-0.06846151780573304,-0.003909594337256109
-0.17472072440499542,-0.09610908841565485,-0.13407258709242573,-0.0051532737034476845
-0.14008141888142522,-0.08358715245404541,-0.12720674858278755,-0.004269881864067334
-0.16022691402802325,-0.05614645107847341,-0.1342109741924474,-0.004373867216334957
-0.18154891399385034,-0.13220818502069273,-0.11140206428898139,-0.004280277690792032
-0.19868755700666196,-0.23262264988599604,-0.0645697509186678,-0.0034981693565183224
0.08239796379683444,-0.13614879493042717,-0.13945409198030384,-0.0036413392836680044
0.14883425758811977,-0.07012892348492132,-0.17154901783258425,-0.003971770443216136
0.30390760684417045,-0.08606026268261796,-0.17173050510995003,-0.002571914897409084
0.7155759630369533,-0.06974188626980073,-0.14789125035693515,0.0016016319390194415
0.42321343530236005,-0.019058253218409215,-0.17263848876475246,-0.0008204019147309376
0.27607110105274685,-0.11972266569998265,-0.14912925130460472,-0.0015543585219582807
0.22642075821009977,-0.197777226963083,-0.14678898791480438,-0.00378263330032528
0.09608470234875414,-0.17750946985436675,-0.12233196937627912,-0.0024124227463767946
0.20250405599089438,-0.1091232550912077,-0.17755158430376378,-0.0034941508282442463
0.3095523518001537,-0.20223090933990315,-0.16138784577462054,-0.002245101970331708
0.3110239837551332,-0.09292237295855486,-0.17914731712598186,-0.0019960317511938373
0.27972995400102674,-0.22581721616632672,-0.12553828469255707,-0.001474536836664098
0.31030926693590194,-0.12873894191164809,-0.17600728491202658,-0.0023360260044420133
0.47602708845268493,-0.09636657495924619,-0.19502370029639599,-0.0022905429450310252
0.7491919749284417,0.08577403517100565,-0.19724456308225755,0.0009387229900557567
0.5041018317260888,0.18123351238382285,-0.2802296004464158,-0.0010080350080090659
0.34362132676682555,0.032989608179195606,-0.17887477327041623,-0.0006199475473783417
0.333402767328429,-0.0527916042987423,-0.19485516749751422,-0.0019229702769333738
0.22649292658671727,-0.10196363081322014,-0.1555229267615726,-0.0012651990590069211
0.3167174573553112,-0.10780237445174516,-0.16373857771827877,-0.0010252099315053388
0.3445450488745495,-0.13341061940976967,-0.16089916972270904,-0.001622463332774608
0.3910143495329283,-0.08685054306511938,-0.18965071975577497,-0.0020880323414135325
0.34494276431121257,-0.16936692711845755,-0.14972172201719194,-0.0007696385825828536
0.3514952241874596,-0.20767051111932763,-0.1401853059203107,-0.001924219280154279
0.6106139443073525,-0.11200708569400514,-0.15388300353205284,0.0007310949656514098
0.4547825749690809,-0.1298352740547725,-0.15497856207008587,-0.0006854396097292865
0.3749774157840598,-0.05311828255113266,-0.15143022523643165,-0.00022573102641605233
0.5272418812737625,-0.023639691501742725,-0.21245250632620988,-0.001569506242682887
0.46742748166654113,-0.02191396625291432,-0.19012602063354794,-0.0007771689974293839
0.5209954355545567,-0.12389457261490733,-0.09340722236428396,0.0016742363506186107
0.806099312312337,0.12134523969033661,-0.2046845490735359,0.0021665542197234606
0.8409718977749403,0.2552365286820383,-0.22208915664696546,0.0025899827241108765
0.8433644149894693,0.11290759118368592,-0.16037976915813695,0.002891463926321203
0.7043113727859833,0.0954959707326846,-0.11543127805841703,0.0032044184991110343
0.46599395156041173,-0.01761308094990887,-0.15124819008380913,0.0003981893458799785
0.4272790800085367,-0.1307300497498788,-0.13939728522455644,0.00014086938654148793
0.45736288034416045,-0.10083912427942933,-0.13224150833501114,0.00045488898333654465
0.6796944534961354,0.16352598383518113,-0.18893379289864665,0.002360193909970308
0.5942285031484524,-0.08017560083992765,-0.09049322216368255,0.0027756151027228198
0.5980672243968858,0.12850421139514315,-0.23234818439572053,0.0004502035805604516
0.36821040205048966,0.03339175337383623,-0.21067014472160692,-0.0006500142272564165
0.32975766731761463,-0.0846494734652004,-0.17899729410277462,-0.0015893884043841281
0.3112596456503718,-0.11497227029253676,-0.19033513187219048,-0.0020532985396376708
0.1345148271703119,-0.20610537836993187,-0.1126414882792965,-0.000831027607604112
0.1450110600864858,-0.15196554878282298,-0.16870724704084752,-0.0028136695550056733
0.03361967215556386,-0.19878206438595644,-0.13343924984266156,-0.0027238430209359683
0.10363439632035076,-0.3405518950917347,-0.11414483067559372,-0.003836240478315545
0.04762007714532756,-0.29396076398110504,-0.11923777321879779,-0.003968009134019983
0.04658979356438736,-0.2920855003295244,-0.14259482869433773,-0.004708615877293395
-0.0209295207970173,-0.3518365652061456,-0.11201794979259425,-0.0024112579275071713
-0.02420816588267981,-0.25494675967840724,-0.1396623149853691,-0.0027064373133742106
-0.06762871698499423,-0.22390494362305605,-0.12284794492161576,-0.004215016091849471
-0.18187006710485099,-0.327880846398357,-0.08610417816424434,-0.004131271279216745
-0.1635452703638086,-0.3455181816700109,-0.08165899227251561,-0.0043271768007518635
-0.10140990621741267,-0.3600661091001511,-0.08432813240622095,-0.0035746364070187425
-0.14797388157377786,-0.2969733135064564,-0.09702280653794403,-0.0036637938500782867
-0.12335757289662129,-0.22442639037853584,-0.13871968469608553,-0.004326281243977034
-0.3198693292870542,-0.3756331251569766,-0.01751868601811127,-0.0036387253867405074
-0.16013338203593322,-0.25873860513224495,-0.12226853083192589,-0.005155559601592154
-0.04507738865668531,-0.3230357010272453,-0.09752032665107215,-0.0031318454084056585
0.3889222565060856,-0.1974384802597803,-0.16940863853153565,-0.0016926821281481486
0.5372394461257851,-0.1599058582442319,-0.15859294549848948,-0.0005601661656183697
0.6904997022248449,-0.12933020115399044,-0.18561018121187495,9.140124377552132e-06
0.4393840516287674,-0.1786323754150167,-0.1527658136675488,-0.0002628498156384694
0.25964854653313113,-0.12617852249921896,-0.16549191618282894,-0.0010039845027553014
0.09730875852155872,-0.2337263125170795,-0.11991699351531282,-0.0016343661385916357
0.1409208520981746,-0.24175738999328586,-0.13875317495467943,-0.0022343557965537547
0.22432401579446545,-0.1756738750266549,-0.1755058979759923,-0.0026982198265162326
0.14104782317263956,-0.24208579530329447,-0.12719528740264302,-0.0023040446096764637
0.38310242857346716,-0.06914308625158778,-0.21212044755358636,-0.001188504552107575
0.5115055796823883,0.053743704013222135,-0.1767020658983587,0.0018750162899453006
0.32992351061723835,-0.033489960809721435,-0.12150494569554297,-6.698771107805989e-05
-0.0886580664864001,-0.30721919097153405,-0.06759966387058405,-0.0027889156552193483
-0.13027018208499433,-0.26826026457146157,-0.10808630042771854,-0.00352136436821279
-0.19398936836300365,-0.2648251891959881,-0.0970749352951281,-0.003915804831317813
-0.07157598447456053,-0.2603665387790106,-0.13950987751965818,-0.004650295321349779
-0.19644945016830334,-0.25961172054126674,-0.09284178275055222,-0.004036531917762001
-0.08058231045363977,-0.3022607298397939,-0.08871099379448417,-0.0032103887972858435
-0.017766610588685713,-0.3631137180038489,-0.1034242048616851,-0.0031652310113157887
0.15586287391856496,-0.26305091327947633,-0.1798477285832109,-0.0034821633592159187
0.25253360124866187,-0.16755902285206714,-0.14563709635698666,-0.0015201722485162958
0.5160172033049015,0.013786442525204067,-0.07599294225266547,0.0029156179435141823
0.12779481223245617,0.10287000887551864,0.10932331666737452,-0.00048064475445979955
-0.6565306820297532,-0.29599273308995827,0.20672009538045763,-0.007267464628158325
-0.7227989785264689,-0.3680899277064085,0.2011291659408862,-0.002925854822362451
-0.5963420679762517,-0.06774537378101794,0.03404855329170706,-0.003463516013484696
-0.5362258637302321,-0.10196230828318958,0.03429152047735409,-0.0035052068802340153
-0.4709107631872062,-0.22352944220189694,0.06726977125206803,-0.0036048098792670407
-0.49839064193913984,-0.06505985122314614,0.029400445860613737,-0.003488151951870093
-0.5237582415573245,-0.18616203088064132,0.09456236266285695,-0.002516962006057387
-0.5862582168430976,-0.2438606223156241,0.19677125893415828,-0.002428807449448523
-0.5390928997055626,-0.1508178174371328,0.10088015544896523,-0.003515937891940806
-0.5874715147283535,-0.1588263371770899,0.07313574470274908,-0.002716689627998979
-0.6342339360722674,-0.17246731759034858,0.11526200509164254,-0.0018953186143208297
-0.5662114964246786,-0.15009690650310878,0.09061269258316565,-0.00220797517464375
-0.541518574854417,-0.056768753953498764,0.06099201215508267,-0.0020168906110800194
-0.4381199157045666,-0.20125720467502864,0.08493770600213699,-0.003228219961695122
-0.48698022111587114,-0.05352036424390211,0.11193196185287627,-0.0019417126292514313
-0.6076663688179001,-0.20270929895499834,0.25329491523858577,-0.003371448710968655
-0.30649957867817995,-0.11282394677110753,0.0761003728616994,-0.010718067297304045
-0.5606553839747265,-0.2553165393085242,0.19398401981614732,-0.004513955418173138
-0.714053566543269,-0.2565536628700827,0.19193025038758105,-0.005224938438428851
-0.7320888791418619,-0.21863118865362907,0.17891183844073916,-0.0035844996706609804
-0.7295806588246477,-0.3058209335813685,0.20085578033933751,-0.0059240360013831875
-0.8317605497867209,-0.3453206268167528,0.21990095723241523,-0.005322963393389309
-0.7535522156086616,-0.31918626269242767,0.16971733460067745,-0.004790799107269569
-0.8232224140634242,-0.32807374751411916,0.19839171937623767,-0.004642713225020681
-0.7738166859361948,-0.3821020423593346,0.1971515940614729,-0.0046638426118290445
-0.807133314942617,-0.1370470692958741,0.14477217537931855,-0.006268590730152705
-0.8929311383180902,-0.4911060487829138,0.3129506208495649,-0.006739538484676316
-1.015269186606375,-0.5980986490875628,0.4537102525943118,-0.010811460222758931
-1.1186671678667401,-0.6545816816478118,0.484101236060839,-0.01041613470960415
-1.082993576035935,-0.5918539373506264,0.43441704578906565,-0.009973666123969044
-0.9763621410593006,-0.4505782788056264,0.2963784131075535,-0.007711492596445149
-0.8953964652721573,-0.14784390301703432,0.14528821005712333,-0.007328833160119604
-0.9073339517152645,-0.2971047113292293,0.19117321129261275,-0.0054993997160355124
-0.9027471146259972,-0.22780551285847414,0.16749282358241427,-0.0062856968698257985
-0.9450517831116824,-0.4912102393039648,0.26863470475895995,-0.004038552616283561
-0.7904760071181227,-0.3033736647796539,0.1409989418208296,-0.005800521197465422
-0.8270963864733545,-0.29791230620625364,0.1521429533545987,-0.005064810293899333
-0.8025203840363232,-0.26712579817576776,0.14861986643406,-0.005695037304674847
-0.9103305281227188,-0.4061401555607305,0.25296261751133103,-0.005865547330613709
-0.958274914907938,-0.44492251185813364,0.2859669954097294,-0.008219290105771583
-1.206781237526866,-0.6773139972914055,0.5293502312442656,-0.01250489787884977
-1.7513092329520334,-1.0643461394618192,0.8010381442829739,-0.017598690132354003
-1.6000554155174498,-0.8882127028842124,0.6549563541609316,-0.015621251930076742
-1.7273413105598516,-1.1644537464698368,0.842322391413755,-0.022564948908997323
-1.3347038188767086,-1.0090839074399762,0.613911992092437,-0.022446989548242875
-1.191328213604836,-0.5931619979624948,0.4364972533221205,-0.016120059437519745
-1.232991011394507,-0.7037017364043312,0.5052980270992794,-0.014950478195829361
-1.1336577484861439,-0.5921386580713203,0.41048550791551247,-0.011642610358137944
-0.9683626538279098,-0.41245700183973993,0.29992778122471603,-0.006672329198185322
-0.9502586679240297,-0.4240558461335628,0.3195196238637427,-0.005220411193331607
-0.785656259431513,-0.3096852514180685,0.20693209678190003,-0.006083223687415988
-0.7891303815193761,-0.3681713267955893,0.22633803207597444,-0.0045521351618649595
-0.7945611788604173,-0.18768926599842606,0.1732898307259567,-0.003325034059900823
-0.7023326121426967,-0.30389339554068306,0.17046901086116853,-0.0031231812735587894
-0.8126204497319616,-0.2633728047037513,0.20927303594264307,-0.0018405212158941005
-0.7206999579645545,-0.12377563636003062,0.11250349037060023,-0.00269162565692434
-0.7259676652194728,-0.2186194474007974,0.14326773653141148,-0.0027973754621753106
-0.6924558014784095,-0.2521965690162176,0.147141481971316,-0.0031945587310357676
-0.7256270466400628,-0.19620251043868725,0.13321776208157743,-0.0031143173676566396
-0.7210549700265384,-0.11421988175615579,0.11593337452104881,-0.003056086817253491
-0.800017242859267,-0.17705613523380312,0.15580108224062345,-0.0016610979414306414
-0.6520100211708189,-0.12979219619060656,0.08480665307316158,-0.0032001382245407627
-0.6712194372107246,-0.2114818645709221,0.13149762956814068,-0.00244062434741566
-0.603973624730636,-0.23453866629456546,0.1263412661422456,-0.0022660928469115118
-0.610743509129608,-0.21068853314341615,0.1253668132391753,-0.002508687290059479
-0.6258134261315341,-0.34020322079013615,0.14377705020063758,-0.002319472016821013
-0.6475735431526367,-0.3684948941873444,0.14386358129828047,-0.0019220434610377384
-0.6890562763651721,-0.2602141070165976,0.14333252509399286,-0.0016398270087185022
-0.5700737694262625,-0.11191694515924298,0.1254278005220401,-0.0017913619698293878
-0.4678274717181554,-0.08368920008077599,0.16526497179699393,-0.0015009191828391343
-0.567166476822693,-0.014351657611192096,0.09084437884486946,-0.0013371638781482877
-0.4865756201018015,-0.04100605836279483,0.12568168304503574,-0.0011703736982834625
-0.5406857313475032,-0.02676934688993539,0.17883123395765993,-0.0004032026394673295
-0.6272914989212561,-0.0384640085013423,0.14497326859072415,-0.000767503111672757
-0.5866242477103709,-0.10421929105942813,0.09649237785174992,-0.002717611707255327
-0.6532934466653868,-0.07560696770979075,0.05147200049311293,-0.0033692765701728387
-0.7152409976231487,-0.21312532756107647,0.088936344417895,-0.002505977590213265
-0.714933451636332,-0.12908683203034668,0.06296997221333732,-0.003641697325748419
-0.6930091767234691,-0.19513339484210337,0.07154990608988421,-0.0031266400563067865
-0.7178728048844982,-0.23186100447075708,0.07641011175347814,-0.003554208697470976
-0.5748283568843824,-0.12004604669724467,0.017249733663582158,-0.003901574762740662
-0.6258993493453041,-0.10868183806834228,0.019313911121652903,-0.0030968291383368187
-0.5673334421861311,-0.26533576840664036,0.051158158008074724,-0.003156740838782682
-0.5849714144886938,-0.2232243008930041,0.04093104393667884,-0.0032478804344805968
-0.7449166848700798,-0.2010484350732995,0.0674819931167331,-0.0023385392031096434
-0.5614829288441626,-0.2952454054362701,0.033210985198406165,-0.004648775300121309
-0.602972854395641,-0.27041676570528433,0.03200525262751676,-0.0037670146079164116
-0.528421499101981,-0.172822674945091,-0.019980135366418066,-0.004360430390231594
-0.6015670623421725,-0.25232551676656284,0.0067922090748783305,-0.004162813814127003
-0.5493913516869546,-0.3384155079853858,0.005955395072594661,-0.004163579074792798
-0.47918828359290777,-0.1758866408714772,-0.043443089520900695,-0.00636074261298832
-0.32754219173334104,-0.1347075024779824,-0.031774912265260226,-0.0033095908674707453
-0.13553079606435134,-0.09228179455957215,-0.054781482407515264,-0.004073594775368727
-0.27717639020253976,-0.1616191791855958,-0.02911209177857683,-0.0036113732984468755
-0.3613886045595549,-0.23802666255128424,0.010444905874744078,-0.0026995668144518675
-0.41573206053999073,-0.2053433024721249,-0.02000812587509616,-0.003058226162549841
-0.45493802291118446,-0.16269087952401018,-0.018743239713537523,-0.004088359284256311
-0.5332751132449128,-0.2625048037937827,0.022395920206627944,-0.0029094847452402657
-0.47397210550987884,-0.269320064009974,-0.009166823953176993,-0.004634875693352004
-0.5485250140604627,-0.1991352933921141,-0.007668523664999542,-0.004146916611720631
-0.56508282008732,-0.2365389008121901,-0.003778807664334371,-0.0031040467363363613
-0.530210512264469,-0.2791461095855722,0.006081048815584231,-0.003448361071492288
-0.5511021035074146,-0.20181233219735098,-0.029381996606578288,-0.004481698940777117
-0.5947245750380606,-0.2774444259755059,0.014108848213888083,-0.003467122979216278
-0.5672158329801098,-0.19959975922878,-0.01793507888448691,-0.004624012088354399
,,,
